uid,date,hr,min,timestamp,smo_x,smo_y
,,,,0,24.989325,121.495571
,,,,1,24.989792,121.4952275
,,,,2,24.989480999999998,121.49539949999999
,,,,3,24.990103,121.4957425
,,,,4,24.98974,121.49545633333334
,,,,5,24.989325,121.495571
,,,,6,24.989480999999998,121.4952275
,,,,7,24.989688333333334,121.49528499999998
,,,,8,24.989325333333337,121.49511333333332
,,,,9,24.989429,121.49522766666666
,,,,10,24.989403000000003,121.49514175
,,,,11,24.989403000000003,121.49514175
,,,,12,24.989512,121.49522759999999
,,,,13,24.989387400000005,121.4950902
,,,,14,24.989429,121.49499866666667
,,,,15,24.9897925,121.49539949999999
,,,,16,24.989637,121.495228
,,,,17,24.989637,121.495228
,,,,18,24.98924775,121.495142
,,,,19,24.989637,121.495228
,,,,20,24.989637,121.495228
,,,,21,24.989740666666666,121.49511333333334
,,,,22,24.989948000000002,121.49515900000002
,,,,23,24.989948000000002,121.49515900000002
,,,,24,24.989948000000002,121.49515900000002
,,,,25,24.989896166666668,121.49522766666668
,,,,26,24.989896166666668,121.49522766666668
,,,,27,24.98987025,121.495227625
,,,,28,24.989903571428574,121.49517857142858
,,,,29,24.989896166666668,121.49505600000002
,,,,30,24.98963685714285,121.49512957142859
,,,,31,24.989547785714283,121.49510514285714
,,,,32,24.99021457142857,121.49512957142859
,,,,33,24.98981457142857,121.49527671428572
,,,,34,24.989503428571425,121.49515414285715
,,,,35,24.9898234,121.49515900000002
,,,,36,24.98984416666667,121.49511316666668
,,,,37,24.98987,121.49514175
,,,,38,24.98987,121.49514175
,,,,39,24.9899475,121.494884
,,,,40,24.99057,121.494884
,,,,41,24.99057,121.494884
,,,,42,24.989948,121.49511333333334
,,,,43,24.989948,121.49511333333334
,,,,44,24.989948000000002,121.49514175
,,,,45,24.9901035,121.49522775
,,,,46,24.990010199999997,121.495056
,,,,47,24.989948,121.49495299999998
,,,,48,24.989844333333334,121.49488433333333
,,,,49,24.989844333333334,121.49488433333333
,,,,50,24.989844333333334,121.49488433333333
,,,,51,24.9896368,121.49502160000002
,,,,52,24.9897925,121.49497000000001
,,,,53,24.9897614,121.4950902
,,,,54,24.9898858,121.49495280000001
,,,,55,24.989792499999997,121.49505599999999
,,,,56,24.989844333333334,121.49476966666667
,,,,57,24.989844333333334,121.49476966666667
,,,,58,24.989714499999998,121.49488425
,,,,59,24.989844333333334,121.49476966666667
,,,,60,24.989948,121.494884
,,,,61,24.989948,121.494884
,,,,62,24.989948,121.495113
,,,,63,24.990051666666663,121.495113
,,,,64,24.990051666666663,121.495113
,,,,65,24.990025749999997,121.49514175
,,,,66,24.9898856,121.4950902
,,,,67,24.98987,121.49514175
,,,,68,24.98979233333333,121.49528483333334
,,,,69,24.989740333333334,121.49499866666667
,,,,70,24.989948,121.495056
,,,,71,24.989948,121.495056
,,,,72,24.9898858,121.49515900000002
,,,,73,24.989948,121.495056
,,,,74,24.989948,121.49499866666667
,,,,75,24.989948,121.495056
,,,,76,24.98979225,121.49488425
,,,,77,24.989948,121.49497000000001
,,,,78,24.989948,121.49497000000001
,,,,79,24.989948,121.49497000000001
,,,,80,24.989948,121.49497000000001
,,,,81,24.989948,121.494884
,,,,82,24.989714499999998,121.494884
,,,,83,24.989948,121.494884
,,,,84,24.989948,121.494884
,,,,85,24.989532999999998,121.49488433333333
,,,,86,24.989948,121.494884
,,,,87,24.989740333333334,121.49499866666667
,,,,88,24.989948,121.494884
,,,,89,24.9897925,121.495056
,,,,90,24.9897925,121.495056
,,,,91,24.9897925,121.495056
,,,,92,24.99005166666667,121.49499866666667
,,,,93,24.9901035,121.495056
,,,,94,24.99005166666667,121.49465566666667
,,,,95,24.9901035,121.49522775
,,,,96,24.9901035,121.49522775
,,,,97,24.990134599999998,121.4952278
,,,,98,24.990134599999998,121.4952278
,,,,99,24.990155333333334,121.49511333333334
,,,,100,24.9904145,121.495056
,,,,101,24.990259,121.495228
,,,,102,24.990259,121.495228
,,,,103,24.990259,121.495228
,,,,104,24.989792,121.49539949999999
,,,,105,24.98987,121.49497025
,,,,106,24.98971425,121.49514174999999
,,,,107,24.989844,121.49522766666666
,,,,108,24.990103499999996,121.49539925
,,,,109,24.990259,121.49539949999999
,,,,110,24.990259,121.495228
,,,,111,24.990259,121.495228
,,,,112,24.990259,121.495228
,,,,113,24.989948,121.49522766666666
,,,,114,24.98987025,121.4953135
,,,,115,24.989948,121.49522766666666
,,,,116,24.989948,121.49522766666666
,,,,117,24.990134599999998,121.49509040000001
,,,,118,24.98994775,121.495142
,,,,119,24.989740333333334,121.49511333333334
,,,,120,24.990103499999996,121.49539949999999
,,,,121,24.990025749999997,121.495571
,,,,122,24.9898856,121.4955024
,,,,123,24.989947857142855,121.495424
,,,,124,24.989947799999996,121.4954338
,,,,125,24.98987,121.49539949999999
,,,,126,24.989844,121.49545666666666
,,,,127,24.989844,121.49545666666666
,,,,128,24.9896365,121.495571
,,,,129,24.9896365,121.495571
,,,,130,24.989740333333334,121.495571
,,,,131,24.9896365,121.49539949999999
,,,,132,24.989740333333334,121.49522766666666
,,,,133,24.98987,121.495142
,,,,134,24.989844166666668,121.49528500000001
,,,,135,24.989844166666668,121.49517049999999
,,,,136,24.98979225,121.49518487499999
,,,,137,24.98979225,121.49522775
,,,,138,24.98979225,121.49522775
,,,,139,24.98979225,121.49522775
,,,,140,24.989844166666668,121.49517049999999
,,,,141,24.989903428571427,121.49522771428572
,,,,142,24.989947833333332,121.49522766666666
,,,,143,24.989947833333332,121.49522766666666
,,,,144,24.9898856,121.49515900000002
,,,,145,24.9898856,121.49515900000002
,,,,146,24.9898856,121.49515900000002
,,,,147,24.9898856,121.49515900000002
,,,,148,24.989947833333332,121.49511333333334
,,,,149,24.9898232,121.4952278
,,,,150,24.989792166666664,121.49534233333333
,,,,151,24.989792166666664,121.49534233333333
,,,,152,24.989769999999996,121.495375
,,,,153,24.989908874999998,121.495313625
,,,,154,24.989947714285712,121.49527685714285
,,,,155,24.989792166666664,121.49534233333333
,,,,156,24.989895833333335,121.49528516666665
,,,,157,24.98981428571429,121.49527699999999
,,,,158,24.990064375000003,121.49527087499999
,,,,159,24.990086,121.4952661111111
,,,,160,24.990064375000003,121.49527087499999
,,,,161,24.990170000000003,121.49527699999999
,,,,162,24.990103333333334,121.49528516666665
,,,,163,24.9901344,121.49529659999999
,,,,164,24.98971425,121.49531375
,,,,165,24.990025666666668,121.49548524999999
,,,,166,24.990103333333337,121.49551383333333
,,,,167,24.98979225,121.495571
,,,,168,24.9897612,121.495571
,,,,169,24.989947800000003,121.495571
,,,,170,24.9897612,121.49536499999999
,,,,171,24.9897612,121.49543369999999
,,,,172,24.990051666666663,121.49545666666666
,,,,173,24.990481428571428,121.49537485714286
,,,,174,24.990348,121.49532585714284
,,,,175,24.99015533333333,121.49534216666666
,,,,176,24.990259,121.4952278
,,,,177,24.989559,121.49522775
,,,,178,24.989714499999998,121.495142
,,,,179,24.989714499999998,121.495142
,,,,180,24.989761199999997,121.4953652
,,,,181,24.98981457142857,121.49547299999999
,,,,182,24.98981457142857,121.49552200000001
,,,,183,24.989870125,121.49544225000001
,,,,184,24.989636666666666,121.49545649999999
,,,,185,24.989636666666666,121.49545649999999
,,,,186,24.989999666666666,121.49545649999999
,,,,187,24.9895744,121.49550219999999
,,,,188,24.989714499999998,121.49565675
,,,,189,24.990207166666664,121.49562816666666
,,,,190,24.990259,121.495571
,,,,191,24.990362666666666,121.49545666666666
,,,,192,24.990362666666666,121.49545666666666
,,,,193,24.990362666666666,121.49545666666666
,,,,194,24.990181,121.49505625
,,,,195,24.990081142857143,121.49547299999999
,,,,196,24.990347857142858,121.49547299999999
,,,,197,24.990347857142858,121.49547299999999
,,,,198,24.990347857142858,121.49547299999999
,,,,199,24.990347857142858,121.49547299999999
,,,,200,24.990375625,121.495399375
,,,,201,24.989947833333332,121.49551383333333
,,,,202,24.989947833333332,121.49551383333333
,,,,203,24.990134599999998,121.495571
,,,,204,24.990134599999998,121.495571
,,,,205,24.99018125,121.49548524999999
,,,,206,24.990436857142857,121.49537485714288
,,,,207,24.990348,121.49552200000001
,,,,208,24.990348,121.49552200000001
,,,,209,24.9904665,121.495571
,,,,210,24.990259000000002,121.49552185714286
,,,,211,24.99018125,121.49565675
,,,,212,24.99018125,121.49565675
,,,,213,24.989532999999998,121.49568533333333
,,,,214,24.99018125,121.49548499999999
,,,,215,24.990051666666663,121.49539933333334
,,,,216,24.990259000000002,121.49539925
,,,,217,24.990259000000002,121.49539925
,,,,218,24.990259000000002,121.49539925
,,,,219,24.990259000000002,121.49539925
,,,,220,24.990881249999997,121.49522775
,,,,221,24.990881249999997,121.49522775
,,,,222,24.990321199999997,121.49536500000002
,,,,223,24.99003671428571,121.49527671428572
,,,,224,24.991296333333334,121.49562816666668
,,,,225,24.990383599999998,121.49529620000001
,,,,226,24.990207166666664,121.49522766666666
,,,,227,24.990414666666666,121.49522766666666
,,,,228,24.990259,121.49531350000001
,,,,229,24.9901968,121.4952964
,,,,230,24.9901968,121.4952964
,,,,231,24.9901968,121.4952964
,,,,232,24.990674,121.49511333333334
,,,,233,24.990336749999997,121.49531350000001
,,,,234,24.990336749999997,121.49531350000001
,,,,235,24.9901344,121.4952964
,,,,236,24.9903625,121.49534216666667
,,,,237,24.990347857142858,121.49542385714288
,,,,238,24.990507799999996,121.4952964
,,,,239,24.9914,121.49522766666666
,,,,240,24.99095925,121.49522775
,,,,241,24.990819199999997,121.4952964
,,,,242,24.99095925,121.49522775
,,,,243,24.9908814,121.4952964
,,,,244,24.9908814,121.4952964
,,,,245,24.990757,121.4952964
,,,,246,24.9910058,121.49536499999999
,,,,247,24.991037,121.4953135
,,,,248,24.990757,121.4952964
,,,,249,24.99041475,121.49522775
,,,,250,24.9901968,121.4952278
,,,,251,24.990259,121.49534216666666
,,,,252,24.990348,121.49537471428572
,,,,253,24.9904665,121.49528483333334
,,,,254,24.9901346,121.49536499999999
,,,,255,24.99002575,121.49548525
,,,,256,24.9900102,121.49550239999999
,,,,257,24.98987025,121.49539949999999
,,,,258,24.989844333333334,121.49545666666666
,,,,259,24.989844333333334,121.49545666666666
,,,,260,24.989844333333334,121.49545666666666
,,,,261,24.990466666666666,121.49545666666666
,,,,262,24.9906948,121.495571
,,,,263,24.990466666666666,121.49545666666666
,,,,264,24.990181250000003,121.49548525
,,,,265,24.989636666666666,121.49545666666666
,,,,266,24.989948,121.495571
,,,,267,24.989948,121.495571
,,,,268,24.989948,121.4957425
,,,,269,24.98987025,121.4957425
,,,,270,24.9903214,121.4956396
,,,,271,24.990259166666664,121.495571
,,,,272,24.990259166666664,121.495571
,,,,273,24.990570249999998,121.49548525
,,,,274,24.991503666666663,121.495228
,,,,275,24.991296333333334,121.495228
,,,,276,24.992126,121.495228
,,,,277,24.9908815,121.495228
,,,,278,24.991037,121.495228
,,,,279,24.992126,121.495228
,,,,280,24.990570333333334,121.49522766666666
,,,,281,24.990570333333334,121.49522766666666
,,,,282,24.9904925,121.4953135
,,,,283,24.990445799999996,121.4954336
,,,,284,24.991192499999997,121.49539949999999
,,,,285,24.990259,121.49531375
,,,,286,24.990259,121.49548525
,,,,287,24.9907255,121.495228
,,,,288,24.992126,121.495228
,,,,289,24.991037,121.495228
,,,,290,24.991037,121.495571
,,,,291,24.991037,121.495228
,,,,292,24.990803749999998,121.49539949999999
,,,,293,24.9904925,121.49531375
,,,,294,24.990647999999997,121.49539949999999
,,,,295,24.99015533333333,121.49545666666666
,,,,296,24.99015533333333,121.49545666666666
,,,,297,24.990103499999996,121.49539949999999
,,,,298,24.990259,121.495571
,,,,299,24.990259,121.495571
,,,,300,24.98987025,121.49539949999999
,,,,301,24.9900102,121.49546810000001
,,,,302,24.989947857142855,121.495375
,,,,303,24.98981457142857,121.49539949999999
,,,,304,24.9898858,121.49550239999999
,,,,305,24.9898858,121.49550239999999
,,,,306,24.990310999999995,121.49551383333333
,,,,307,24.990310999999995,121.49551383333333
,,,,308,24.990259142857138,121.49557100000001
,,,,309,24.990362833333332,121.495571
,,,,310,24.990362833333332,121.495571
,,,,311,24.990362833333332,121.495571
,,,,312,24.990777666666663,121.49545666666666
,,,,313,24.99057,121.49522766666666
,,,,314,24.991348,121.49539949999999
,,,,315,24.992437,121.495571
,,,,316,24.99057,121.49545666666666
,,,,317,24.991037,121.49539949999999
,,,,318,24.9904925,121.49539949999999
,,,,319,24.9897925,121.49539949999999
,,,,320,24.990103499999996,121.49539949999999
,,,,321,24.990103499999996,121.49539949999999
,,,,322,24.990103499999996,121.49539949999999
,,,,323,24.990051666666663,121.495571
,,,,324,24.990051666666663,121.495571
,,,,325,24.990051666666663,121.49545666666666
,,,,326,24.990170142857146,121.495375
,,,,327,24.990259,121.4953995
,,,,328,24.990259000000002,121.495424
,,,,329,24.99021457142857,121.495424
,,,,330,24.990414625000003,121.4953995
,,,,331,24.990414625000003,121.4953995
,,,,332,24.990622166666668,121.49545666666667
,,,,333,24.990757,121.4954338
,,,,334,24.990570333333334,121.4953995
,,,,335,24.990570333333334,121.4953995
,,,,336,24.990757,121.4954338
,,,,337,24.990757,121.4954338
,,,,338,24.991037,121.49539949999999
,,,,339,24.990757,121.4954338
,,,,340,24.990757,121.4954338
,,,,341,24.991037,121.49539949999999
,,,,342,24.991296333333334,121.49534233333333
,,,,343,24.991296333333334,121.49534233333333
,,,,344,24.99041475,121.49531375
,,,,345,24.990570333333334,121.495228
,,,,346,24.9901968,121.495228
,,,,347,24.990570333333334,121.495228
,,,,348,24.990570333333334,121.495228
,,,,349,24.990570333333334,121.495228
,,,,350,24.9908815,121.495228
,,,,351,24.9906946,121.4953652
,,,,352,24.99033675,121.49539949999999
,,,,353,24.989637,121.495228
,,,,354,24.989637,121.495228
,,,,355,24.989480999999998,121.495228
,,,,356,24.989325,121.495228
,,,,357,24.9896365,121.49539949999999
,,,,358,24.989532666666666,121.49534233333333
,,,,359,24.989532666666666,121.49534233333333
,,,,360,24.990310833333336,121.49539933333334
,,,,361,24.990170142857142,121.49547285714286
,,,,362,24.9898856,121.49543359999998
,,,,363,24.989740333333334,121.49522766666666
,,,,364,24.9896365,121.495056
,,,,365,24.989325,121.495228
,,,,366,24.989480999999998,121.49539949999999
,,,,367,24.989480999999998,121.49539949999999
,,,,368,24.989325,121.495228
,,,,369,24.989480999999998,121.495228
,,,,370,24.99018125,121.495228
,,,,371,24.989574400000002,121.4953652
,,,,372,24.990134599999998,121.4952966
,,,,373,24.99005166666667,121.49528516666668
,,,,374,24.990134599999998,121.4952966
,,,,375,24.990134599999998,121.4952966
,,,,376,24.990414666666666,121.49528516666668
,,,,377,24.990134599999998,121.4952966
,,,,378,24.99005166666667,121.49534233333333
,,,,379,24.99005166666667,121.49534233333333
,,,,380,24.990134599999998,121.4953652
,,,,381,24.9902592,121.4953652
,,,,382,24.990311000000002,121.49534233333333
,,,,383,24.990214714285713,121.495375
,,,,384,24.990214714285713,121.495375
,,,,385,24.9901425,121.495356625
,,,,386,24.990259166666664,121.49534233333333
,,,,387,24.990383599999998,121.4952966
,,,,388,24.990570249999998,121.49531375
,,,,389,24.99049225,121.49531375
,,,,390,24.99049225,121.49531375
,,,,391,24.99049225,121.49531375
,,,,392,24.99049225,121.49531375
,,,,393,24.99049225,121.49531375
,,,,394,24.99049225,121.49531375
,,,,395,24.9902588,121.4953652
,,,,396,24.99049225,121.49531375
,,,,397,24.9903212,121.4953652
,,,,398,24.9903212,121.4953652
,,,,399,24.9904145,121.49531375
,,,,400,24.990632400000003,121.49529659999999
,,,,401,24.990207166666664,121.49534233333333
,,,,402,24.9903834,121.49529659999999
,,,,403,24.9898232,121.4952278
,,,,404,24.989858857142856,121.49527685714284
,,,,405,24.989858857142856,121.49527685714284
,,,,406,24.989858857142856,121.49532585714284
,,,,407,24.9899478,121.4952964
,,,,408,24.9901035,121.49539949999999
,,,,409,24.9901035,121.49539949999999
,,,,410,24.990155333333334,121.49534233333333
,,,,411,24.990155333333334,121.49534233333333
,,,,412,24.990259000000002,121.49539949999999
,,,,413,24.990259000000002,121.49539949999999
,,,,414,24.990259000000002,121.49539949999999
,,,,415,24.99005166666667,121.495571
,,,,416,24.99005166666667,121.495571
,,,,417,24.99057025,121.495571
,,,,418,24.990259000000002,121.49539949999999
,,,,419,24.99005166666667,121.49522766666666
,,,,420,24.990155333333334,121.49522766666666
,,,,421,24.98979225,121.49548524999999
,,,,422,24.989532999999998,121.495571
,,,,423,24.989532999999998,121.495571
,,,,424,24.989532999999998,121.495571
,,,,425,24.989480999999998,121.49539925
,,,,426,24.989896,121.49539933333331
,,,,427,24.989896,121.49528483333332
,,,,428,24.989896,121.49528483333332
,,,,429,24.989844166666668,121.49545649999999
,,,,430,24.98990342857143,121.49547285714286
,,,,431,24.989947833333332,121.49545649999999
,,,,432,24.989909,121.495485125
,,,,433,24.989947833333332,121.49545649999999
,,,,434,24.989947833333332,121.49545649999999
,,,,435,24.990134599999998,121.4954336
,,,,436,24.990103499999996,121.49539925
,,,,437,24.990259,121.49522766666666
,,,,438,24.990259125,121.49552812499999
,,,,439,24.99025925,121.49539949999999
,,,,440,24.990197000000002,121.49550239999999
,,,,441,24.9901555,121.49545666666666
,,,,442,24.9901555,121.49545666666666
,,,,443,24.9901555,121.49545666666666
,,,,444,24.990197000000002,121.4954338
,,,,445,24.990518499999997,121.4953995
,,,,446,24.989999833333332,121.4953995
,,,,447,24.9900724,121.4954338
,,,,448,24.9901348,121.4953652
,,,,449,24.99025925,121.49531375
,,,,450,24.9901348,121.4953652
,,,,451,24.9901348,121.4953652
,,,,452,24.9900724,121.4953652
,,,,453,24.9900724,121.4953652
,,,,454,24.9900724,121.4953652
,,,,455,24.9900724,121.4953652
,,,,456,24.99018125,121.49539949999999
,,,,457,24.989636714285712,121.49562
,,,,458,24.989636666666666,121.49562816666668
,,,,459,24.9897612,121.495571
,,,,460,24.989740499999996,121.49551383333335
,,,,461,24.9897612,121.495571
,,,,462,24.989895999999998,121.49551383333335
,,,,463,24.989895999999998,121.49551383333335
,,,,464,24.989895999999998,121.49551383333335
,,,,465,24.989895999999998,121.49551383333335
,,,,466,24.989895999999998,121.49551383333335
,,,,467,24.989947800000003,121.49550239999999
,,,,468,24.989792249999997,121.495571
,,,,469,24.989792249999997,121.495571
,,,,470,24.989948,121.495571
,,,,471,24.989948,121.495571
,,,,472,24.989947749999995,121.49548525
,,,,473,24.98971425,121.49531375
,,,,474,24.990259,121.495228
,,,,475,24.991348,121.49539949999999
,,,,476,24.990259,121.495228
,,,,477,24.990259,121.495228
,,,,478,24.990259,121.495228
,,,,479,0.0,0.0
,,,,480,24.989014,121.495571
,,,,481,24.9893255,121.49539949999999
,,,,482,24.9898856,121.49533059999999
,,,,483,24.99012925,121.49499866666666
,,,,484,24.992488916666662,121.49375429999999
,,,,485,24.9934017,121.4932365
,,,,486,24.99329275,121.49436949999999
,,,,487,24.991607166666668,121.49385433333333
,,,,488,24.9922193,121.49272139999998
,,,,489,24.99526358333333,121.49208075
,,,,490,24.994570714285715,121.49199085714285
,,,,491,24.99010325,121.49548525
,,,,492,24.989480999999998,121.49539949999999
,,,,493,24.989480999999998,121.49539949999999
,,,,494,24.994615000000003,121.490421
,,,,495,24.995984400000005,121.4893568
,,,,496,24.9982872,121.4873312
,,,,497,24.995611000000004,121.48904780000001
,,,,498,24.995579900000003,121.48901349999998
,,,,499,24.9964824,121.48915070000001
,,,,500,24.9964824,121.48918499999999
,,,,501,24.996586000000004,121.48870433333333
,,,,502,24.9951754,121.4911764
,,,,503,24.995735399999997,121.49114209999998
,,,,504,24.994719,121.49110783333333
,,,,505,24.99718225,121.489477
,,,,506,24.999687,121.4878806
,,,,507,24.99790833333333,121.48904783333332
,,,,508,24.995735399999997,121.49045550000001
,,,,509,24.99961607142857,121.4880425
,,,,510,24.999049416666665,121.48816108333334
,,,,511,24.998816,121.48818950000002
,,,,512,25.000460714285712,121.48706150000001
,,,,513,25.00242025,121.48544291666667
,,,,514,25.003094333333333,121.48509983333332
,,,,515,25.006206125,121.48273950000001
,,,,516,25.00130525,121.48621549999999
,,,,517,25.005661500000002,121.48303999999999
,,,,518,25.00115,121.484928
,,,,519,0.0,0.0
,,,,520,24.98971425,121.4957425
,,,,521,24.989792,121.4957425
,,,,522,24.989325,121.495914
,,,,523,24.9899475,121.49539899999999
,,,,524,24.9899475,121.49539899999999
,,,,525,25.002527571428573,121.48556557142858
,,,,526,25.000430062499998,121.487052375
,,,,527,25.002105357142852,121.4861052142857
,,,,528,25.002283071428568,121.48610514285714
,,,,529,25.002572071428574,121.48585992857144
,,,,530,25.002527571428573,121.48554121428572
,,,,531,25.001357,121.48653
,,,,532,24.990569999999998,121.495571
,,,,533,24.998038,121.489048
,,,,534,25.006751,121.482868
,,,,535,0.0,0.0
,,,,536,0.0,0.0
,,,,537,0.0,0.0
,,,,538,25.006751,121.483898
,,,,539,0.0,0.0
,,,,540,25.00682875,121.48183825
,,,,541,25.002239,121.48576200000001
,,,,542,25.004012600000003,121.48472220000001
,,,,543,25.003017000000003,121.48535724999999
,,,,544,25.00309475,121.485314375
,,,,545,24.999949571428573,121.48752771428572
,,,,546,24.999671499999998,121.4882755
,,,,547,24.989169500000003,121.495056
,,,,548,24.989221333333337,121.49522766666666
,,,,549,24.989169500000003,121.495056
,,,,550,24.987043,121.486988
,,,,551,24.990219500000002,121.483039875
,,,,552,24.990569599999997,121.48460765999998
,,,,553,24.988001875000002,121.478362125
,,,,554,24.99308458333334,121.47734641666666
,,,,555,24.996209375000003,121.477718375
,,,,556,24.993914035714287,121.47391728571428
,,,,557,24.99439185714286,121.4728137142857
,,,,558,24.99994942857143,121.48816514285714
,,,,559,25.001201500000004,121.48693083333332
,,,,560,25.001201500000004,121.48693083333332
,,,,561,25.001097833333336,121.48693083333332
,,,,562,24.99451133333333,121.491108
,,,,563,24.989169500000003,121.495056
,,,,564,24.989169500000003,121.495056
,,,,565,24.989169500000003,121.495056
,,,,566,24.989169500000003,121.495056
,,,,567,24.989169500000003,121.495056
,,,,568,24.989169500000003,121.495056
,,,,569,24.99503,121.49042100000001
,,,,570,25.00200525,121.48535724999999
,,,,571,24.987587285714284,121.46938057142857
,,,,572,24.987297666666667,121.46524425
,,,,573,24.9817254,121.4626808
,,,,574,24.985870333333335,121.46590233333332
,,,,575,25.003141,121.4847908
,,,,576,25.00387225,121.48452766666666
,,,,577,24.993993,121.49222375
,,,,578,24.989480999999998,121.495056
,,,,579,24.933598500000002,121.43823599999999
,,,,580,24.933598500000002,121.43823599999999
,,,,581,24.989014,121.494884
,,,,582,24.989014,121.494884
,,,,583,24.989014,121.494884
,,,,584,25.000890333333334,121.48618699999999
,,,,585,24.999304857142857,121.48742942857142
,,,,586,25.002355375,121.4852285
,,,,587,24.9977265,121.488361
,,,,588,24.96441175,121.473255
,,,,589,24.965035,121.472182125
,,,,590,24.964334,121.473555375
,,,,591,24.9644895,121.4735985
,,,,592,24.964528625,121.473641375
,,,,593,24.99811575,121.4887905
,,,,594,24.99811575,121.4887905
,,,,595,24.99811575,121.4887905
,,,,596,24.99503,121.49065
,,,,597,24.993603750000002,121.49188025
,,,,598,24.99503,121.49065
,,,,599,24.993526,121.4917945
,,,,600,24.99503,121.49065
,,,,601,24.997960250000002,121.48836125
,,,,602,24.99788225,121.488533
,,,,603,24.974634,121.47977816666666
,,,,604,24.94796266666667,121.47388433333333
,,,,605,24.9682108,121.4800185
,,,,606,24.9586535,121.47943475
,,,,607,24.95873125,121.47943475
,,,,608,24.942413666666667,121.47840466666666
,,,,609,24.942413666666667,121.47840466666666
,,,,610,24.942413666666667,121.47840466666666
,,,,611,24.9186465,121.4698215
,,,,612,24.942310000000003,121.47829033333333
,,,,613,24.9542195,121.48235299999999
,,,,614,24.9541415,121.482439
,,,,615,24.958342124999998,121.47922025
,,,,616,24.967961499999998,121.47981259999999
,,,,617,24.967899199999998,121.47984699999999
,,,,618,24.962387,121.4761735
,,,,619,25.000527,121.48653033333333
,,,,620,25.000630833333332,121.48635866666666
,,,,621,25.000371666666666,121.487274
,,,,622,24.9186465,121.4699935
,,,,623,24.942413666666667,121.478176
,,,,624,24.9541415,121.48252475000001
,,,,625,24.95406375,121.48278225
,,,,626,24.942206,121.47851933333334
,,,,627,24.995133666666664,121.49133666666665
,,,,628,24.998038,121.48921949999999
,,,,629,24.9977265,121.4887045
,,,,630,24.977408666666665,121.47788991666668
,,,,631,24.962815499999998,121.47583
,,,,632,24.948222333333334,121.47382733333335
,,,,633,24.96293225,121.475915875
,,,,634,24.948377833333335,121.47388466666666
,,,,635,24.9627375,121.476173375
,,,,636,24.9716958,121.4772376
,,,,637,24.958186750000003,121.4790915
,,,,638,24.958186750000003,121.4790915
,,,,639,24.948118333333337,121.474056
,,,,640,24.948118333333337,121.474056
,,,,641,24.918802,121.46965
,,,,642,24.989480999999998,121.4952275
,,,,643,24.942829,121.47806133333334
,,,,644,24.9681486,121.480053
,,,,645,24.97659942857143,121.48267200000001
,,,,646,24.97659942857143,121.48262285714286
,,,,647,24.97659942857143,121.48262285714286
,,,,648,24.976621642857143,121.48262285714286
,,,,649,24.974530333333334,121.48057933333332
,,,,650,24.974530333333334,121.48057933333332
,,,,651,24.9682108,121.4801216
,,,,652,24.9587315,121.47952074999999
,,,,653,24.964912400000003,121.4825936
,,,,654,24.919425,121.46965
,,,,655,24.919425,121.46965
,,,,656,24.948533666666666,121.4738845
,,,,657,24.948533666666666,121.47394166666668
,,,,658,24.948637333333334,121.4738845
,,,,659,24.948741000000002,121.47371283333332
,,,,660,25.006906,121.48201
,,,,661,25.007373,121.481495
,,,,662,24.95454966666667,121.468792
,,,,663,24.95454966666667,121.468792
,,,,664,24.963399250000002,121.47540099999999
,,,,665,24.968397600000003,121.4792976
,,,,666,24.959043,121.4786625
,,,,667,24.954608999999998,121.48200975
,,,,668,24.942933,121.47771833333333
,,,,669,24.989325,121.495228
,,,,670,24.989325,121.495228
,,,,671,24.989169500000003,121.49539949999999
,,,,672,24.989169500000003,121.49539949999999
,,,,673,24.919425500000003,121.46947850000001
,,,,674,24.928294,121.462784
,,,,675,24.969421500000003,121.4771691
,,,,676,24.9753058,121.47428519999998
,,,,677,24.9717584,121.4771004
,,,,678,24.9719452,121.47703179999999
,,,,679,24.979400285714288,121.48046499999998
,,,,680,24.975119,121.47462859999999
,,,,681,25.006439,121.482525
,,,,682,25.006439,121.482525
,,,,683,25.006439,121.482525
,,,,684,24.998038,121.4888765
,,,,685,24.958731750000002,121.47892
,,,,686,24.958731750000002,121.47892
,,,,687,24.958731750000002,121.47892
,,,,688,24.9649128,121.48204419999999
,,,,689,24.97437714285714,121.48404528571429
,,,,690,24.974790083333332,121.48003583333333
,,,,691,24.974842,121.48000716666667
,,,,692,24.977355571428568,121.48213242857142
,,,,693,24.977355571428568,121.48213242857142
,,,,694,24.981146749999997,121.482138625
,,,,695,24.981146749999997,121.482138625
,,,,696,24.972197166666664,121.48200983333334
,,,,697,24.975177571428567,121.483849
,,,,698,24.97499971428571,121.4839472857143
,,,,699,24.975088571428568,121.48389814285714
,,,,700,24.975088571428568,121.48389814285714
,,,,701,24.9972914,121.4900094
,,,,702,25.0007142,121.487469
,,,,703,24.969269399999998,121.4795038
,,,,704,24.9692692,121.4793664
,,,,705,25.000644125,121.487245625
,,,,706,24.9811273125,121.48211724999999
,,,,707,24.9811273125,121.48211724999999
,,,,708,24.981107875,121.48213874999999
,,,,709,24.984060777777778,121.4820291111111
,,,,710,24.966095799999998,121.48183839999999
,,,,711,24.956321,121.4823105
,,,,712,24.95678775,121.48269675
,,,,713,24.9220715,121.4686205
,,,,714,24.9220715,121.4686205
,,,,715,24.9220715,121.4686205
,,,,716,24.851083,121.442013
,,,,717,24.851083,121.442013
,,,,718,24.92036,121.46879200000001
,,,,719,24.950194,121.47302633333334
,,,,720,24.976294166666666,121.48055083333333
,,,,721,24.978200285714284,121.4824757142857
,,,,722,24.97815585714286,121.48250028571428
,,,,723,24.9761905,121.480465
,,,,724,24.964333,121.47561575
,,,,725,24.9220715,121.4686205
,,,,726,24.9220715,121.4686205
,,,,727,24.943348333333333,121.47726066666667
,,,,728,24.920671,121.468277
,,,,729,0.0,0.0
,,,,730,0.0,0.0
,,,,731,0.0,0.0
,,,,732,0.0,0.0
,,,,733,0.0,0.0
,,,,734,24.989014,121.495571
,,,,735,24.975464499999998,121.47960666666665
,,,,736,24.98015614285714,121.47950864285716
,,,,737,25.0001851,121.4875376
,,,,738,25.000216200000004,121.48746899999999
,,,,739,24.998401,121.48870483333332
,,,,740,24.9966066,121.490078
,,,,741,24.993183800000004,121.4928932
,,,,742,24.994615000000003,121.49196625
,,,,743,24.994226,121.492138
,,,,744,24.99733775,121.49222375
,,,,745,24.9970111,121.48963180000001
,,,,746,25.00091625,121.4879325
,,,,747,25.000644,121.48818987499999
,,,,748,24.996378333333336,121.491108
,,,,749,24.998971333333333,121.486988
,,,,750,25.003198249999997,121.48498533333333
,,,,751,25.00317233333333,121.48504249999998
,,,,752,25.004313333333332,121.48492816666668
,,,,753,25.0051949,121.4846192
,,,,754,24.977173,121.4734612
,,,,755,24.982378428571426,121.47825785714284
,,,,756,24.97655,121.4744226
,,,,757,24.96907775,121.47269725000001
,,,,758,24.962224666666668,121.46524433333333
,,,,759,24.973472875,121.46943575
,,,,760,24.973434,121.469478625
,,,,761,24.974250625000003,121.469864875
,,,,762,24.941206,121.4564325
,,,,763,24.852017,121.440296
,,,,764,24.939183999999997,121.4562605
,,,,765,24.980408200000003,121.47174439999999
,,,,766,24.980408200000003,121.47174439999999
,,,,767,24.981998083333334,121.47557258333335
,,,,768,24.9807818,121.472019
,,,,769,24.980470500000003,121.47232799999999
,,,,770,24.968533875,121.47188175
,,,,771,24.955691333333334,121.46833399999998
,,,,772,24.94967533333333,121.47336933333334
,,,,773,24.963054166666666,121.46553016666667
,,,,774,24.969622,121.47316925000001
,,,,775,24.962224666666668,121.46547299999999
,,,,776,24.9298505,121.4622685
,,,,777,24.9298505,121.4622685
,,,,778,24.9298505,121.4622685
,,,,779,24.955691333333334,121.46821966666666
,,,,780,24.98485066666667,121.47328375
,,,,781,25.004157666666668,121.48415558333333
,,,,782,24.982512285714286,121.4776692857143
,,,,783,25.007186400000002,121.4818382
,,,,784,25.007186400000002,121.4818382
,,,,785,25.0042095,121.48401249999999
,,,,786,24.982154000000005,121.47654524999997
,,,,787,24.9808131,121.47280879999998
,,,,788,24.955484333333334,121.46810533333333
,,,,789,24.955484333333334,121.46810533333333
,,,,790,24.955484333333334,121.46810533333333
,,,,791,24.955484333333334,121.46810533333333
,,,,792,24.9296955,121.461067
,,,,793,24.973512000000003,121.46904925
,,,,794,24.973512000000003,121.46904925
,,,,795,24.981273000000005,121.47471424999999
,,,,796,24.9811175,121.474514
,,,,797,24.983208375,121.47973537499999
,,,,798,24.988108750000002,121.47677425
,,,,799,24.982579000000005,121.47744857142857
,,,,800,24.988361562500003,121.476838625
,,,,801,24.9849545,121.47314066666667
,,,,802,24.962536,121.46478633333334
,,,,803,25.006751,121.481838
,,,,804,25.006751,121.481838
,,,,805,25.017795,121.477375
,,,,806,25.017484000000003,121.47685999999999
,,,,807,24.962536333333333,121.46450049999999
,,,,808,24.997882500000003,121.488876
,,,,809,25.001046333333335,121.48618699999999
,,,,810,25.0033904,121.48437899999999
,,,,811,25.00758,121.482525
,,,,812,25.007417,121.48237785714285
,,,,813,25.007506000000003,121.48218171428572
,,,,814,25.00305525,121.48557199999999
,,,,815,25.007808,121.4823878
,,,,816,24.98300085714286,121.47835614285714
,,,,817,25.00363825,121.48621575
,,,,818,25.00830533333333,121.48321166666666
,,,,819,25.0176395,121.4772035
,,,,820,25.0176395,121.4772035
,,,,821,25.0176395,121.4772035
,,,,822,25.007994,121.48366933333334
,,,,823,25.008616333333332,121.483097
,,,,824,24.969456700000002,121.47857690000001
,,,,825,24.982050333333337,121.47571583333333
,,,,826,24.9733462,121.4769633
,,,,827,25.003950333333336,121.48401266666667
,,,,828,25.00462466666667,121.48504266666667
,,,,829,25.008128285714285,121.48340771428572
,,,,830,25.008039428571433,121.48404514285714
,,,,831,25.0078702,121.4827306
,,,,832,25.00965366666667,121.4887045
,,,,833,24.973812,121.4799156
,,,,834,24.978244285714286,121.48546757142857
,,,,835,24.9733762,121.4817008
,,,,836,24.9733762,121.4817008
,,,,837,24.969,121.47231099999999
,,,,838,24.969,121.47231099999999
,,,,839,24.9764878,121.47428520000001
,,,,840,24.96378875,121.47471425
,,,,841,24.9815835,121.47531516666668
,,,,842,24.982823,121.47815985714286
,,,,843,24.97343425,121.468749125
,,,,844,24.9755544,121.4833488
,,,,845,24.967833000000002,121.48355500000001
,,,,846,24.95475666666667,121.484356
,,,,847,24.95475666666667,121.484356
,,,,848,24.95475666666667,121.484356
,,,,849,24.96324325,121.487031
,,,,850,24.963165500000002,121.48690225
,,,,851,24.963165500000002,121.48690225
,,,,852,24.9683974,121.488636
,,,,853,24.9683974,121.488636
,,,,854,24.974997,121.48733133333333
,,,,855,25.0021603125,121.4914511875
,,,,856,25.002160375,121.4912795625
,,,,857,25.004883,121.48424149999998
,,,,858,25.0020436875,121.49145131249999
,,,,859,25.00394957142857,121.49078921428573
,,,,860,25.0021020625,121.49140849999999
,,,,861,25.003905142857143,121.49086285714284
,,,,862,25.000111,121.50266666666668
,,,,863,25.000111,121.502552
,,,,864,24.999344,121.497219
,,,,865,25.001809875000003,121.497631
,,,,866,25.001498625,121.49797425
,,,,867,25.007579000000003,121.48378366666667
,,,,868,25.00846,121.483555
,,,,869,25.003326750000003,121.48595825
,,,,870,25.00052666666667,121.4944555
,,,,871,24.982254062499997,121.48707399999999
,,,,872,24.9872623,121.48602689999998
,,,,873,24.98703311111111,121.48502366666668
,,,,874,24.987386800000003,121.48600975
,,,,875,24.987200100000003,121.48602689999998
,,,,876,24.976966833333336,121.486702
,,,,877,25.007994,121.48286833333333
,,,,878,24.9679095,121.473856
,,,,879,24.971570300000003,121.48667909999999
,,,,880,24.971632600000003,121.48671340000001
,,,,881,24.9716948,121.48616419999999
,,,,882,24.971725900000003,121.48623280000001
,,,,883,24.971757000000004,121.4863014
,,,,884,24.960771000000005,121.46661766666666
,,,,885,24.980649166666666,121.48321166666666
,,,,886,24.98442257142857,121.48284378571428
,,,,887,24.9860081875,121.4837479375
,,,,888,24.984600285714286,121.48306442857142
,,,,889,25.007813416666668,121.4867163
,,,,890,25.004665300000003,121.48932260000001
,,,,891,24.9733757,121.4814949
,,,,892,24.967913499999998,121.4771175
,,,,893,24.959635333333335,121.46558766666668
,,,,894,24.957247166666665,121.46776216666667
,,,,895,24.958337333333333,121.46633166666668
,,,,896,25.003949000000002,121.489506
,,,,897,25.0037935,121.48956316666666
,,,,898,25.004494,121.48801825
,,,,899,25.008098,121.48344066666668
,,,,900,25.004208916666666,121.48489966666666
,,,,901,24.985114928571424,121.47386835714285
,,,,902,25.00752783333333,121.48306858333332
,,,,903,24.987359428571427,121.47117085714285
,,,,904,24.985684916666667,121.4662745
,,,,905,25.007372,121.4828685
,,,,906,25.007786666666664,121.48355500000001
,,,,907,24.979356625,121.4579345
,,,,908,24.967837666666668,121.45460133333334
,,,,909,25.027595,121.471539
,,,,910,25.006751,121.482868
,,,,911,25.006751,121.482868
,,,,912,25.0165505,121.473255
,,,,913,25.026973,121.471882
,,,,914,24.978945999999997,121.44224166666667
,,,,915,24.99267835714286,121.46695271428571
,,,,916,24.993858916666667,121.46387116666666
,,,,917,24.99792335714286,121.46356871428573
,,,,918,24.99812364285714,121.46369121428572
,,,,919,24.998546142857144,121.46408357142857
,,,,920,25.010120999999998,121.47886283333332
,,,,921,25.011806250000003,121.477461
,,,,922,25.008928200000003,121.481495
,,,,923,24.988465875000003,121.45647525
,,,,924,24.98932314285715,121.47318150000001
,,,,925,24.991159400000004,121.4641228
,,,,926,24.99352416666667,121.46610266666666
,,,,927,24.989945200000005,121.4625434
,,,,928,24.994549900000003,121.4619941
,,,,929,24.996790833333336,121.46539671666665
,,,,930,24.99894742857143,121.46862021428572
,,,,931,24.999014142857146,121.46859571428571
,,,,932,24.999547714285715,121.46901257142856
,,,,933,24.999503214285717,121.46955207142855
,,,,934,24.999947857142853,121.46972371428569
,,,,935,25.000276400000004,121.4635049
,,,,936,24.997646000000003,121.46016587499999
,,,,937,25.027595,121.471882
,,,,938,24.994611,121.452141
,,,,939,24.96681467,121.4412117
,,,,940,24.97477675,121.4523983
,,,,941,24.992592000000002,121.47076625
,,,,942,24.98847,121.4827825
,,,,943,24.990415,121.4904215
,,,,944,24.9983495,121.48819
,,,,945,25.008046500000006,121.48072266666664
,,,,946,25.005583249999997,121.48170962499998
,,,,947,25.003521875,121.4842845
,,,,948,25.002575333333336,121.48507133333332
,,,,949,25.005754200000002,121.4831088
,,,,950,25.0060495,121.48372675
,,,,951,25.005919666666667,121.48424166666666
,,,,952,24.99855666666667,121.48504266666667
,,,,953,24.99850483333333,121.48504266666667
,,,,954,24.999905,121.485615
,,,,955,24.992852,121.49225233333333
,,,,956,24.9893255,121.495571
,,,,957,25.002082,121.48767466666668
,,,,958,25.0037935,121.48664475
,,,,959,25.0037935,121.48664475
,,,,960,25.0074656,121.4811516
,,,,961,25.00776125,121.4827825
,,,,962,25.00776125,121.4827825
,,,,963,25.00776125,121.4827825
,,,,964,25.011884000000002,121.47758975
,,,,965,25.0032656,121.4833488
,,,,966,24.998115750000004,121.4867305
,,,,967,24.997882,121.484756
,,,,968,24.997882,121.484756
,,,,969,0.0,0.0
,,,,970,24.989325,121.495228
,,,,971,25.007579000000003,121.48057933333332
,,,,972,25.003210125000003,121.484413
,,,,973,25.002185666666666,121.48767466666668
,,,,974,25.002185666666666,121.48767466666668
,,,,975,25.003327,121.4862155
,,,,976,25.00436433333334,121.48481366666665
,,,,977,25.00436433333334,121.48481366666665
,,,,978,25.004616285714288,121.48330957142856
,,,,979,25.0043125,121.48475633333332
,,,,980,25.003193857142858,121.48536942857143
,,,,981,25.002653,121.48601516666668
,,,,982,25.0038872,121.4854086
,,,,983,25.0038872,121.4854086
,,,,984,25.0043125,121.48361183333334
,,,,985,25.007372200000002,121.48135740000001
,,,,986,25.007372200000002,121.48135740000001
,,,,987,25.011728250000004,121.47771825
,,,,988,25.0079322,121.48122020000001
,,,,989,25.004831,121.48355483333334
,,,,990,25.007416857142857,121.48154385714285
,,,,991,25.003794499999998,121.48315416666667
,,,,992,25.003587,121.48315416666667
,,,,993,25.003725278333334,121.48324955
,,,,994,25.0011495,121.48497707142857
,,,,995,25.000267833333336,121.48538583333332
,,,,996,25.000112,121.48435566666667
,,,,997,24.994718833333334,121.488647
,,,,998,25.017017000000003,121.4730835
,,,,999,25.017017000000003,121.4730835
,,,,1000,25.027595,121.471539
,,,,1001,25.0073715,121.48023616666667
,,,,1002,25.007877375000003,121.480851375
,,,,1003,25.007786333333332,121.48035066666667
,,,,1004,25.007527500000002,121.48132325
,,,,1005,25.00643925,121.480593875
,,,,1006,25.003078800000004,121.483555
,,,,1007,25.002238750000004,121.48389824999998
,,,,1008,24.9997806,121.4860954
,,,,1009,24.99723416666667,121.48781774999999
,,,,1010,24.9997806,121.4860954
,,,,1011,24.9962332,121.4888418
,,,,1012,24.996171,121.4887732
,,,,1013,24.996171,121.48870459999998
,,,,1014,24.996171,121.48870459999998
,,,,1015,25.001771333333334,121.48624416666665
,,,,1016,25.0043228,121.4844474
,,,,1017,24.997960250000002,121.48707375
,,,,1018,25.004260600000002,121.484104
,,,,1019,25.0051555,121.483468875
,,,,1020,25.005350000000004,121.48349755555553
,,,,1021,25.005367333333336,121.4834976111111
,,,,1022,25.00729475,121.48192399999998
,,,,1023,25.007333625,121.48192399999998
,,,,1024,25.007417,121.48173999999999
,,,,1025,25.001461000000003,121.48522242857143
,,,,1026,24.997765750000003,121.487159625
,,,,1027,25.00216075,121.4841555
,,,,1028,25.00073466666667,121.48424133333333
,,,,1029,25.00073466666667,121.48424133333333
,,,,1030,25.00073466666667,121.48435566666666
,,,,1031,25.00073466666667,121.48435566666666
,,,,1032,25.00830525,121.48149475
,,,,1033,25.008344125,121.48153762499999
,,,,1034,24.995237666666668,121.49145099999998
,,,,1035,25.002219062500004,121.485528875
,,,,1036,25.004338875000002,121.483211375
,,,,1037,25.003975916666665,121.484127
,,,,1038,25.003950000000003,121.484127
,,,,1039,25.00407966666667,121.48415566666667
,,,,1040,25.009862,121.48098
,,,,1041,25.0047285,121.4847565
,,,,1042,24.996638,121.4893055
,,,,1043,24.993993,121.49213766666666
,,,,1044,24.993137374999996,121.49256675000001
,,,,1045,24.990622166666668,121.49499866666666
,,,,1046,24.991037,121.49462675
,,,,1047,24.991192833333333,121.49419766666665
,,,,1048,24.996832375,121.48673025
,,,,1049,24.999023500000003,121.48921941666667
,,,,1050,24.999416285714286,121.49066642857143
,,,,1051,25.000760805000002,121.48981096666667
,,,,1052,25.000423666666666,121.49168016666665
,,,,1053,24.999853208333334,121.49289605
,,,,1054,24.99980125,121.4935685
,,,,1055,24.99941233333333,121.49365416666666
,,,,1056,24.9989913125,121.497716875
,,,,1057,24.99978825,121.5009355
,,,,1058,24.9988155,121.516857
,,,,1059,25.010639750000003,121.51162149999999
,,,,1060,25.0215285,121.5480995
,,,,1061,0.0,0.0
,,,,1062,25.031639,121.548786
,,,,1063,25.004830166666665,121.51233649999999
,,,,1064,25.0147605,121.52114875000001
,,,,1065,25.0081495,121.502566375
,,,,1066,25.0077139,121.4986954
,,,,1067,25.01258325,121.50020599999999
,,,,1068,25.009355125,121.502909875
,,,,1069,25.003326799999996,121.5025062
,,,,1070,25.006982375,121.50415412500001
,,,,1071,25.013594,121.50718690000001
,,,,1072,25.007838,121.503853875
,,,,1073,25.003209375,121.50675057500001
,,,,1074,25.007837500000004,121.51142133333333
,,,,1075,25.01017175,121.499562
,,,,1076,25.014216333333334,121.50346733333333
,,,,1077,25.007876875,121.501536125
,,,,1078,24.98652475,121.493168
,,,,1079,24.986836,121.493168
,,,,1080,24.99174792857143,121.4928122142857
,,,,1081,25.000193142857146,121.50143207142855
,,,,1082,24.992748250000005,121.49273849999999
,,,,1083,24.999670500000004,121.50363908333333
,,,,1084,24.99995566666667,121.50272366666665
,,,,1085,24.99977416666667,121.50349608333333
,,,,1086,24.992250200000004,121.49406040000001
,,,,1087,24.9926445,121.49425483333334
,,,,1088,24.992463000000004,121.49425483333334
,,,,1089,24.990064375,121.494927375
,,,,1090,24.990756599999997,121.4950902
,,,,1091,25.002198125,121.508531375
,,,,1092,25.00285925,121.50870300000001
,,,,1093,25.002626,121.50878900000001
,,,,1094,25.015771,121.52226425
,,,,1095,25.0174825,121.521492
,,,,1096,25.005115250000003,121.5080165
,,,,1097,25.0030925,121.50956125
,,,,1098,25.006437000000002,121.51422500000001
,,,,1099,25.01494166666667,121.50369633333332
,,,,1100,25.000527,121.483669
,,,,1101,24.992229666666663,121.49419766666666
,,,,1102,25.0079155,121.501321625
,,,,1103,24.994739399999997,121.48877339999999
,,,,1104,24.992126000000003,121.49374033333334
,,,,1105,24.9889365,121.49531350000001
,,,,1106,24.9906946,121.49351099999998
,,,,1107,24.991317000000002,121.4934424
,,,,1108,25.001614749999998,121.50930375
,,,,1109,25.001614749999998,121.50930375
,,,,1110,24.991628,121.4932364
,,,,1111,25.003430166666664,121.49774533333333
,,,,1112,25.0062512,121.49811159999999
,,,,1113,25.0061268,121.49818019999998
,,,,1114,25.003041333333332,121.49843191666666
,,,,1115,25.0004949,121.5042569
,,,,1116,25.000930599999997,121.50442849999999
,,,,1117,25.00768225,121.501493
,,,,1118,25.01405975,121.52320825
,,,,1119,25.01444875,121.5225215
,,,,1120,25.013903999999997,121.5235515
,,,,1121,25.013903999999997,121.5235515
,,,,1122,25.037549,121.552219
,,,,1123,25.001381249999998,121.509733
,,,,1124,25.00254825,121.5090465
,,,,1125,25.01686,121.52209275
,,,,1126,24.993682,121.494541
,,,,1127,25.0028595,121.50887475
,,,,1128,25.002470374999998,121.50926112500001
,,,,1129,25.00231475,121.509304
,,,,1130,25.00231475,121.509304
,,,,1131,25.00231475,121.50921825
,,,,1132,25.006022166666668,121.51405333333332
,,,,1133,25.0137485,121.523552
,,,,1134,25.0137485,121.523552
,,,,1135,25.007604625,121.500978625
,,,,1136,25.003979899999997,121.4999658
,,,,1137,25.003699599999997,121.4998972
,,,,1138,25.00729325,121.5010645
,,,,1139,25.005918666666663,121.51388166666668
,,,,1140,25.005131,121.5000342
,,,,1141,25.015927,121.50403983333332
,,,,1142,25.005918666666663,121.51388166666668
,,,,1143,25.0140595,121.5232085
,,,,1144,25.0140595,121.5232085
,,,,1145,25.0140595,121.5232085
,,,,1146,25.007993,121.51182166666666
,,,,1147,25.007941166666665,121.51199333333334
,,,,1148,25.0140595,121.5232085
,,,,1149,25.0140595,121.5232085
,,,,1150,25.005918666666663,121.51388166666668
,,,,1151,25.0140595,121.5232085
,,,,1152,24.9989078,121.5066262
,,,,1153,24.9989701,121.50648879999999
,,,,1154,25.00165375,121.50917525
,,,,1155,24.997699791666665,121.50426858333333
,,,,1156,25.001770375,121.50896062499999
,,,,1157,24.998970200000002,121.5062826
,,,,1158,25.005711333333334,121.51376699999999
,,,,1159,25.013593,121.52303649999999
,,,,1160,25.037549,121.551189
,,,,1161,25.037549,121.551189
,,,,1162,25.037549,121.551189
,,,,1163,25.013437,121.5232085
,,,,1164,25.005399666666666,121.51376699999999
,,,,1165,25.00083675,121.50878900000001
,,,,1166,25.005503666666666,121.51376699999999
,,,,1167,25.005399666666666,121.51376699999999
,,,,1168,25.013281499999998,121.5232085
,,,,1169,25.001458999999997,121.50930399999999
,,,,1170,25.005503666666666,121.51399633333334
,,,,1171,24.989480999999998,121.495228
,,,,1172,24.98932533333333,121.49511333333334
,,,,1173,25.005399999999998,121.51353833333333
,,,,1174,25.001381249999998,121.50887475
,,,,1175,25.005451833333336,121.51353833333333
,,,,1176,25.001070499999997,121.50934699999999
,,,,1177,24.9985972,121.5067292
,,,,1178,24.998690500000002,121.5066949
,,,,1179,24.997518333333336,121.50424008333333
,,,,1180,25.001770375,121.508488625
,,,,1181,25.001362125,121.508402825
,,,,1182,25.000020624999998,121.5085315
,,,,1183,24.999359500000004,121.508488625
,,,,1184,24.999242875,121.508402875
,,,,1185,25.000474999999998,121.51285183333334
,,,,1186,24.998349,121.51113533333334
,,,,1187,24.996637833333335,121.50981916666666
,,,,1188,24.997805,121.51582725
,,,,1189,25.004106,121.5350535
,,,,1190,24.9961715,121.525612
,,,,1191,24.9879255,121.534195
,,,,1192,24.989014,121.51325225
,,,,1193,24.990181,121.50878900000001
,,,,1194,24.99064775,121.507845
,,,,1195,24.990881,121.50509825
,,,,1196,24.989325,121.495228
,,,,1197,24.989325,121.495228
,,,,1198,24.991348000000002,121.50080675
,,,,1199,24.989325,121.495228
,,,,1200,24.990647875,121.495571125
,,,,1201,24.990673666666666,121.4953995
,,,,1202,24.9902279,121.4952278
,,,,1203,24.989532999999998,121.49511333333334
,,,,1204,24.989455249999995,121.49505608333334
,,,,1205,24.989699,121.4953652
,,,,1206,24.989559,121.49531375
,,,,1207,24.989532999999998,121.49534233333333
,,,,1208,24.989532999999998,121.49534233333333
,,,,1209,24.989532999999998,121.49534233333333
,,,,1210,24.989532999999998,121.49534233333333
,,,,1211,24.989532999999998,121.495228
,,,,1212,24.989481,121.49528516666668
,,,,1213,24.989480999999998,121.495228
,,,,1214,24.989636666666666,121.494999
,,,,1215,24.990362333333337,121.49511333333334
,,,,1216,24.9910365,121.49539949999999
,,,,1217,24.989532666666666,121.49522766666666
,,,,1218,24.9910365,121.49539949999999
,,,,1219,24.99025875,121.4953135
,,,,1220,24.9910365,121.49539949999999
,,,,1221,24.9910365,121.49539949999999
,,,,1222,24.9910365,121.49539949999999
,,,,1223,24.9904145,121.49531375
,,,,1224,24.99049225,121.49522775
,,,,1225,24.99077733333333,121.49522766666666
,,,,1226,24.9915035,121.4952275
,,,,1227,24.9915035,121.4952275
,,,,1228,24.9915035,121.4952275
,,,,1229,24.992748,121.495571
,,,,1230,24.9904145,121.4952275
,,,,1231,24.9904145,121.4952275
,,,,1232,24.990725666666663,121.49505583333332
,,,,1233,24.9914515,121.49522766666666
,,,,1234,24.991503333333338,121.49522766666666
,,,,1235,24.99057,121.49522766666666
,,,,1236,24.990694400000002,121.49515900000002
,,,,1237,24.99057014285714,121.4958407857143
,,,,1238,24.990725666666666,121.49597150000001
,,,,1239,24.9901966,121.49509040000001
,,,,1240,24.990756599999997,121.49509040000001
,,,,1241,24.990881,121.495056
,,,,1242,24.990881,121.495056
,,,,1243,24.990881,121.495056
,,,,1244,24.991399666666666,121.49522766666666
,,,,1245,24.991088666666666,121.49522766666666
,,,,1246,24.990725749999996,121.49514175
,,,,1247,24.9899478,121.4950216
,,,,1248,24.99018125,121.495056
,,,,1249,24.990336999999997,121.49497
,,,,1250,24.989636666666666,121.49499866666667
,,,,1251,24.989636666666666,121.49499866666667
,,,,1252,24.989714499999998,121.49497000000001
,,,,1253,24.989714499999998,121.49497000000001
,,,,1254,24.989986625,121.494755375
,,,,1255,24.99010325,121.49479825
,,,,1256,24.9896365,121.494884
,,,,1257,24.989636666666666,121.494884
,,,,1258,24.9896365,121.494884
,,,,1259,24.9896365,121.494884
,,,,1260,24.9904925,121.495056
,,,,1261,24.9904145,121.49488425000001
,,,,1262,24.98971425,121.49488425000001
,,,,1263,24.989792249999997,121.49488425
,,,,1264,24.98974033333333,121.49488433333333
,,,,1265,24.98987,121.49497025
,,,,1266,24.99049225,121.49497025
,,,,1267,24.9903212,121.49502179999999
,,,,1268,24.99049225,121.49497025
,,,,1269,24.98974033333333,121.49488433333333
,,,,1270,24.99049225,121.495056
,,,,1271,24.986058,121.49471299999999
,,,,1272,24.988275249999997,121.494927375
,,,,1273,24.9904145,121.495056
,,,,1274,24.9892735,121.49528483333334
,,,,1275,24.9896987,121.49546810000001
,,,,1276,24.989947666666666,121.49522766666666
,,,,1277,24.989014,121.49539949999999
,,,,1278,24.989014,121.49539949999999
,,,,1279,24.989014,121.49539949999999
,,,,1280,24.98932525,121.49522775
,,,,1281,24.98932533333333,121.49534233333333
,,,,1282,24.98932533333333,121.49534233333333
,,,,1283,24.98932533333333,121.49534233333333
,,,,1284,24.98940325,121.49531375
,,,,1285,24.989449999999998,121.4952278
,,,,1286,24.989449999999998,121.4952278
,,,,1287,24.989449999999998,121.4952278
,,,,1288,24.989429333333334,121.49534233333333
,,,,1289,24.9893255,121.49539949999999
,,,,1290,24.9897925,121.495056
,,,,1291,24.989429333333334,121.49465566666667
,,,,1292,24.989377333333334,121.49471283333332
,,,,1293,24.989636666666666,121.494999
,,,,1294,24.989636666666666,121.49488433333333
,,,,1295,24.989532666666666,121.49511333333332
,,,,1296,24.9896365,121.4948845
,,,,1297,24.9897925,121.495056
,,,,1298,24.9897925,121.495056
,,,,1299,24.989429333333334,121.49488433333333
,,,,1300,24.989014333333333,121.49454100000001
,,,,1301,24.9897925,121.495056
,,,,1302,24.989948,121.495228
,,,,1303,24.9949265,121.4959145
,,,,1304,24.9897925,121.49539949999999
,,,,1305,24.989480999999998,121.495056
,,,,1306,24.9896365,121.49539949999999
,,,,1307,24.989480999999998,121.4948845
,,,,1308,24.989844333333334,121.49534233333333
,,,,1309,24.989948,121.495228
,,,,1310,24.989948,121.495228
,,,,1311,24.9897925,121.495228
,,,,1312,24.9897925,121.495228
,,,,1313,24.98971475,121.49522775
,,,,1314,24.989688666666666,121.49517066666665
,,,,1315,24.989636666666666,121.495228
,,,,1316,24.989740666666666,121.49534233333333
,,,,1317,24.989636666666666,121.494999
,,,,1318,24.989740666666666,121.49511333333334
,,,,1319,24.98971475,121.495228
,,,,1320,24.989699,121.49515919999999
,,,,1321,24.989948,121.495228
,,,,1322,24.989532999999998,121.49477
,,,,1323,24.9895122,121.49509040000001
,,,,1324,24.989636750000003,121.49522774999998
,,,,1325,24.9895744,121.4952964
,,,,1326,24.989714499999998,121.49548524999999
,,,,1327,24.989714499999998,121.49522774999998
,,,,1328,24.989636666666666,121.49522766666666
,,,,1329,24.9896365,121.495056
,,,,1330,24.989948,121.4948845
,,,,1331,24.989948,121.494541
,,,,1332,24.989948,121.49471249999999
,,,,1333,24.9897925,121.49497025
,,,,1334,24.989753625,121.49501325
,,,,1335,24.989688833333332,121.49505616666666
,,,,1336,24.98963675,121.49522775
,,,,1337,24.98963675,121.49522775
,,,,1338,24.989636833333332,121.49522783333333
,,,,1339,24.98963685714285,121.49527685714284
,,,,1340,24.989597874999998,121.49527074999999
,,,,1341,24.989740666666666,121.49517066666665
,,,,1342,24.989699199999997,121.495228
,,,,1343,24.989699199999997,121.495228
,,,,1344,24.989699199999997,121.495228
,,,,1345,24.989699199999997,121.495228
,,,,1346,24.989699199999997,121.49515919999999
,,,,1347,24.989714749999997,121.495228
,,,,1348,24.989637,121.495228
,,,,1349,24.9897302,121.49515919999999
,,,,1350,24.989512400000002,121.49502179999999
,,,,1351,24.98948125,121.495056125
,,,,1352,24.989740666666666,121.49511333333334
,,,,1353,24.9897925,121.495056
,,,,1354,24.989740666666666,121.49499866666667
,,,,1355,24.989637,121.495056
,,,,1356,24.989637,121.495056
,,,,1357,24.989637,121.49511333333334
,,,,1358,24.989532999999998,121.49534233333333
,,,,1359,24.989637,121.495228
,,,,1360,24.989637,121.495228
,,,,1361,24.989637,121.495228
,,,,1362,24.989636666666666,121.49534233333333
,,,,1363,24.989637,121.495228
,,,,1364,24.989637,121.495228
,,,,1365,24.989480999999998,121.49539949999999
,,,,1366,24.989636666666666,121.49534233333333
,,,,1367,24.98955875,121.49531375
,,,,1368,24.989480999999998,121.495228
,,,,1369,24.989532999999998,121.495228
,,,,1370,24.989637,121.49539949999999
,,,,1371,24.989637,121.495056
,,,,1372,24.989637,121.495056
,,,,1373,24.989481,121.49497025
,,,,1374,24.989637,121.49499866666667
,,,,1375,24.989637,121.495056
,,,,1376,24.98963675,121.4953135
,,,,1377,24.989574400000002,121.49522759999999
,,,,1378,24.989481,121.49514175
,,,,1379,24.989519875,121.49518475
,,,,1380,24.989574400000002,121.4953652
,,,,1381,24.9896366,121.4952964
,,,,1382,24.989481,121.49539949999999
,,,,1383,24.989481,121.49539949999999
,,,,1384,24.9895122,121.4952278
,,,,1385,24.989481,121.49528499999998
,,,,1386,24.989532999999998,121.49528499999998
,,,,1387,24.989532999999998,121.49545666666666
,,,,1388,24.9895122,121.4952278
,,,,1389,24.989403000000003,121.49539949999999
,,,,1390,24.989403000000003,121.49539949999999
,,,,1391,24.98955875,121.49544237500001
,,,,1392,24.98958466666667,121.49545666666666
,,,,1393,24.989512,121.4953652
,,,,1394,24.98953283333333,121.49534233333333
,,,,1395,24.989481,121.49539949999999
,,,,1396,24.989429,121.49545666666666
,,,,1397,24.989429,121.49545666666666
,,,,1398,24.989429,121.49545666666666
,,,,1399,24.989403000000003,121.49557099999998
,,,,1400,24.989387400000005,121.49536499999999
,,,,1401,24.9895742,121.49529639999999
,,,,1402,24.98955875,121.49522775
,,,,1403,24.9896366,121.4952278
,,,,1404,24.989725571428572,121.49522785714285
,,,,1405,24.989753375,121.49518487499999
,,,,1406,24.989636571428573,121.49527685714284
,,,,1407,24.9896885,121.49534233333333
,,,,1408,24.989636571428573,121.495375
,,,,1409,24.989636666666666,121.49534216666666
,,,,1410,24.9895744,121.4954338
,,,,1411,24.98979225,121.49548524999999
,,,,1412,24.989532666666666,121.49534233333333
,,,,1413,24.989532666666666,121.49534233333333
,,,,1414,24.98916966666667,121.4951135
,,,,1415,24.9896989,121.4954338
,,,,1416,24.989221666666666,121.49488466666666
,,,,1417,24.989221666666666,121.49488466666666
,,,,1418,24.9893255,121.4949705
,,,,1419,24.989221666666666,121.49488466666666
,,,,1420,24.98940325,121.4948845
,,,,1421,24.989636500000003,121.49545666666667
,,,,1422,24.989532666666666,121.49534233333333
,,,,1423,24.9896365,121.49539949999999
,,,,1424,24.989325,121.4953995
,,,,1425,24.989792,121.495056
,,,,1426,24.98974033333333,121.49522766666666
,,,,1427,24.989792,121.495056
,,,,1428,24.989792,121.495056
,,,,1429,24.989792,121.495056
,,,,1430,24.989636333333333,121.49499866666667
,,,,1431,24.989792,121.495056
,,,,1432,24.989325,121.495228
,,,,1433,24.989325,121.495056
,,,,1434,24.988547500000003,121.49471299999999
,,,,1435,24.989325,121.495228
,,,,1436,24.989169500000003,121.495056
,,,,1437,24.989325,121.495228
,,,,1438,24.989948,121.495228
,,,,1439,24.9897925,121.495228
